{
	"info": {
		"_postman_id": "f8ba3d96-1580-50fc-9100-e07c21e5674a",
		"name": "Atividade",
		"schema": "https://schema.getpostman.com/json/collection/v2.1.0/collection.json",
		"_exporter_id": "55332570",
		"_collection_link": "https://Emilly-5787080.postman.co/workspace/EMILLY's-Workspace~f8ba3d96-1580-50fc-9100-e07c21e5674a/collection/55332570-f8ba3d96-1580-50fc-9100-e07c21e5674a?action=share&source=collection_link&creator=55332570"
	},
	"item": [
		{
			"name": "http://localhost:8000/api/employees",
			"request": {
				"method": "POST",
				"header": [],
				"body": {
					"mode": "raw",
					"raw": "{\r\n  \"name\": \"Emilly Camila de Lima\",\r\n  \"email\": \"caemilly1234@gmail.com.com\",\r\n  \"position\": \"Operadora de caixa\",\r\n  \"department_id\": 1\r\n}",
					"options": {
						"raw": {
							"language": "json"
						}
					}
				},
				"url": {
					"raw": "http://localhost:8000/api/employees",
					"protocol": "http",
					"host": [
						"localhost"
					],
					"port": "8000",
					"path": [
						"api",
						"employees"
					]
				}
			},
			"response": []
		},
		{
			"name": "http://localhost:8000/api/employees",
			"request": {
				"auth": {
					"type": "noauth"
				},
				"method": "GET",
				"header": [],
				"url": {
					"raw": "http://localhost:8000/api/employees",
					"protocol": "http",
					"host": [
						"localhost"
					],
					"port": "8000",
					"path": [
						"api",
						"employees"
					]
				}
			},
			"response": []
		},
		{
			"name": "http://localhost:8000/api/employees/1",
			"request": {
				"auth": {
					"type": "noauth"
				},
				"method": "GET",
				"header": [],
				"url": {
					"raw": "http://localhost:8000/api/employees/1",
					"protocol": "http",
					"host": [
						"localhost"
					],
					"port": "8000",
					"path": [
						"api",
						"employees",
						"1"
					]
				}
			},
			"response": []
		},
		{
			"name": "http://localhost:8000/api/employees/1",
			"request": {
				"auth": {
					"type": "noauth"
				},
				"method": "PATCH",
				"header": [],
				"body": {
					"mode": "raw",
					"raw": "{\r\n  \"email\": \"caemilly1234@gmail.com.com\"\r\n}",
					"options": {
						"raw": {
							"language": "json"
						}
					}
				},
				"url": {
					"raw": "http://localhost:8000/api/employees/1",
					"protocol": "http",
					"host": [
						"localhost"
					],
					"port": "8000",
					"path": [
						"api",
						"employees",
						"1"
					]
				}
			},
			"response": []
		},
		{
			"name": "http://localhost:8000/api/employees/1",
			"request": {
				"auth": {
					"type": "noauth"
				},
				"method": "DELETE",
				"header": [],
				"url": {
					"raw": "http://localhost:8000/api/employees/1",
					"protocol": "http",
					"host": [
						"localhost"
					],
					"port": "8000",
					"path": [
						"api",
						"employees",
						"1"
					]
				}
			},
			"response": []
		},
		{
			"name": "http://localhost:8000/api/departments",
			"request": {
				"auth": {
					"type": "noauth"
				},
				"method": "POST",
				"header": [],
				"body": {
					"mode": "raw",
					"raw": "{\r\n  \"name\": \"Operadora\",\r\n  \"description\": \"Operadora de caixa\"\r\n}",
					"options": {
						"raw": {
							"language": "json"
						}
					}
				},
				"url": {
					"raw": "http://localhost:8000/api/departments",
					"protocol": "http",
					"host": [
						"localhost"
					],
					"port": "8000",
					"path": [
						"api",
						"departments"
					]
				}
			},
			"response": []
		},
		{
			"name": "http://localhost:8000/api/departments",
			"request": {
				"auth": {
					"type": "noauth"
				},
				"method": "GET",
				"header": [],
				"url": {
					"raw": "http://localhost:8000/api/departments",
					"protocol": "http",
					"host": [
						"localhost"
					],
					"port": "8000",
					"path": [
						"api",
						"departments"
					]
				}
			},
			"response": []
		},
		{
			"name": "http://localhost:8000/api/departments/1",
			"request": {
				"auth": {
					"type": "noauth"
				},
				"method": "GET",
				"header": [],
				"url": {
					"raw": "http://localhost:8000/api/departments/1",
					"protocol": "http",
					"host": [
						"localhost"
					],
					"port": "8000",
					"path": [
						"api",
						"departments",
						"1"
					]
				}
			},
			"response": []
		},
		{
			"name": "http://localhost:8000/api/departments/1",
			"request": {
				"auth": {
					"type": "noauth"
				},
				"method": "PATCH",
				"header": [],
				"body": {
					"mode": "raw",
					"raw": "{\r\n  \"description\": \"Operadora de caixa 2\"\r\n}",
					"options": {
						"raw": {
							"language": "json"
						}
					}
				},
				"url": {
					"raw": "http://localhost:8000/api/departments/1",
					"protocol": "http",
					"host": [
						"localhost"
					],
					"port": "8000",
					"path": [
						"api",
						"departments",
						"1"
					]
				}
			},
			"response": []
		},
		{
			"name": "http://localhost:8000/api/departments/1",
			"request": {
				"auth": {
					"type": "noauth"
				},
				"method": "DELETE",
				"header": [],
				"url": {
					"raw": "http://localhost:8000/api/departments/1",
					"protocol": "http",
					"host": [
						"localhost"
					],
					"port": "8000",
					"path": [
						"api",
						"departments",
						"1"
					]
				}
			},
			"response": []
		},
		{
			"name": "http://localhost:8000/api/employee/department",
			"request": {
				"auth": {
					"type": "noauth"
				},
				"method": "GET",
				"header": [],
				"url": {
					"raw": "http://localhost:8000/api/employee/department",
					"protocol": "http",
					"host": [
						"localhost"
					],
					"port": "8000",
					"path": [
						"api",
						"employee",
						"department"
					]
				}
			},
			"response": []
		},
		{
			"name": "http://localhost:8000/api/department/employee",
			"request": {
				"auth": {
					"type": "noauth"
				},
				"method": "GET",
				"header": [],
				"url": {
					"raw": "http://localhost:8000/api/department/employee",
					"protocol": "http",
					"host": [
						"localhost"
					],
					"port": "8000",
					"path": [
						"api",
						"department",
						"employee"
					]
				}
			},
			"response": []
		},
		{
			"name": "http://localhost:8000/api/employee/department/1",
			"request": {
				"auth": {
					"type": "noauth"
				},
				"method": "GET",
				"header": [],
				"url": {
					"raw": "http://localhost:8000/api/employee/department/1",
					"protocol": "http",
					"host": [
						"localhost"
					],
					"port": "8000",
					"path": [
						"api",
						"employee",
						"department",
						"1"
					]
				}
			},
			"response": []
		},
		{
			"name": "http://localhost:8000/api/department/employee/1",
			"request": {
				"auth": {
					"type": "noauth"
				},
				"method": "GET",
				"header": [],
				"url": {
					"raw": "http://localhost:8000/api/department/employee/1",
					"protocol": "http",
					"host": [
						"localhost"
					],
					"port": "8000",
					"path": [
						"api",
						"department",
						"employee",
						"1"
					]
				}
			},
			"response": []
		}
	]
}